{
  "settings": {
    "number_of_replicas": 0,
    "number_of_shards": 5,
    "index.store.type": "niofs",
    "index.query.default_field": "title",
    "index.unassigned.node_left.delayed_timeout": "5m"
  },


  "mappings": {
    "house": {
      "dynamic": "strict",
      "_all": {
        "enabled": false
      },
      "properties": {
        "houseId": {
          "type": "long"
        },
        "title": {
          "type": "text",
          "index": "analyzed",
          "analyzer": "ik_smart",
          "search_analyzer": "ik_smart"
        },
        "price": {
          "type": "integer"
        },
        "area": {
          "type": "integer"
        },
        "createTime": {
          "type": "date",
          "format": "strict_date_optional_time||epoch_millis"
        },
        "lastUpdateTime": {
          "type": "date",
          "format": "strict_date_optional_time||epoch_millis"
        },
        "cityEnName": {
          "type": "keyword"
        },
        "regionEnName": {
          "type": "keyword"
        },
        "direction": {
          "type": "integer"
        },
        "distanceToSubway": {
          "type": "integer"
        },
        "subwayLineName": {
          "type": "keyword"
        },
        "subwayStationName": {
          "type": "keyword"
        },
        "tags": {
          "type": "text"
        },
        "street": {
          "type": "keyword"
        },
        "district": {
          "type": "keyword"
        },
        "description": {
          "type": "text",
          "index": "analyzed",
          "analyzer": "ik_smart",
          "search_analyzer": "ik_smart"
        },
        "layoutDesc" : {
          "type": "text",
          "index": "analyzed",
          "analyzer": "ik_smart",
          "search_analyzer": "ik_smart"
        },
        "traffic": {
          "type": "text",
          "index": "analyzed",
          "analyzer": "ik_smart",
          "search_analyzer": "ik_smart"
        },
        "roundService": {
          "type": "text",
          "index": "analyzed",
          "analyzer": "ik_smart",
          "search_analyzer": "ik_smart"
        },
        "rentWay": {
          "type": "integer"
        },
        "suggest": {
          "type": "completion"
        },
        "location": {
          "type": "geo_point"
        }
      }
    }
  }
}